model,mean_pehe,std_pehe,mean_ate,std_ate
ARTEMIS,1.569251537322998,0.23421564410502804,0.14792132377624512,0.08901824908396073
