seed,pehe,ate
0,3.8567028,0.22517896
1,3.7952478,0.28662348
2,3.8439877,0.30520272
3,3.607336,0.17250395
4,3.4382799,0.28582454
