seed,pehe,ate
0,3.53098,0.20457053
1,3.1967428,0.10229921
2,3.393511,0.0074517727
3,3.5857618,0.45677257
4,3.22345,0.18695354
